study_hours,attendance,previous_score,sleep_hours,assignments,exam_score
2,65,55,6,5,58
3,70,60,6,6,63
4,75,65,7,7,68
5,80,70,7,8,74
6,85,72,7,8,78
7,90,78,8,9,84
8,92,82,8,9,88
9,95,88,8,10,94
1,60,50,5,4,52
2,68,58,6,5,59
4,72,62,7,6,66
5,78,68,7,7,72
6,82,75,7,8,79
7,88,80,8,9,85
8,94,85,8,10,91
3,73,64,6,6,65
4,81,71,7,8,73
5,86,76,7,8,79
6,89,79,8,9,84
7,93,84,8,9,89
2,64,54,6,5,57
3,69,61,6,6,63
4,77,67,7,7,70
5,83,73,7,8,76
6,87,77,8,9,82
7,91,81,8,9,87
8,96,90,9,10,95
9,97,92,8,10,97
1,55,48,5,3,49
3,76,66,7,7,68